{
  "test/crisis_cvar": 295.5664367675781,
  "test/crisis_mean_pnl": -16.796539306640625,
  "test/crisis_turnover": 10.0,
  "test/crisis_max_drawdown": 182.90359497070312,
  "test/crisis_sharpe": -0.380644291639328
}
