run,seed,steps,test/crisis_cvar,test/crisis_mean_pnl,test/crisis_turnover,test/crisis_max_drawdown,test/crisis_sharpe
20250927_224933,0,20000,295.65789794921875,-16.570877075195312,10.0,182.8575439453125,-0.377839595079422
20250927_231747,1,20000,295.5664367675781,-16.796539306640625,10.0,182.90359497070312,-0.380644291639328
20250927_234507,2,20000,544.469970703125,5.359847068786621,12.97895622253418,215.68405151367188,0.36120182275772095
20250928_005739,3,20000,544.3652954101562,8.512422561645508,10.0,215.66696166992188,0.40013259649276733
20250928_030432,4,20000,295.8664245605469,-18.10625648498535,10.919022560119629,183.22015380859375,-0.3969636857509613
