{
  "test/crisis_cvar": 295.65789794921875,
  "test/crisis_mean_pnl": -16.570877075195312,
  "test/crisis_turnover": 10.0,
  "test/crisis_max_drawdown": 182.8575439453125,
  "test/crisis_sharpe": -0.377839595079422
}
