{
  "test/crisis_cvar": 544.469970703125,
  "test/crisis_mean_pnl": 5.359847068786621,
  "test/crisis_turnover": 12.97895622253418,
  "test/crisis_max_drawdown": 215.68405151367188,
  "test/crisis_sharpe": 0.36120182275772095
}