{
  "env_metrics": {
    "crisis": {
      "env_id": 3,
      "split": "test",
      "ES95": {
        "mean": 271.4481201171875,
        "std": 0.0
      },
      "Mean": {
        "mean": 15.442262649536133,
        "std": 0.0
      },
      "SharpeRisk": {
        "mean": 0.36425092816352844,
        "std": 0.0
      },
      "Turnover": {
        "mean": 10.0,
        "std": 0.0
      }
    },
    "low": {
      "env_id": 0,
      "split": "train",
      "ES95": {
        "mean": 76.64301300048828,
        "std": 0.0
      },
      "Mean": {
        "mean": -4.340815544128418,
        "std": 0.0
      },
      "SharpeRisk": {
        "mean": -0.28968545794487,
        "std": 0.0
      },
      "Turnover": {
        "mean": 11.225907325744629,
        "std": 0.0
      }
    },
    "med": {
      "env_id": 1,
      "split": "train",
      "ES95": {
        "mean": 154.0314178466797,
        "std": 0.0
      },
      "Mean": {
        "mean": 5.196920871734619,
        "std": 0.0
      },
      "SharpeRisk": {
        "mean": 0.04530054330825806,
        "std": 0.0
      },
      "Turnover": {
        "mean": 10.773635864257812,
        "std": 0.0
      }
    },
    "high": {
      "env_id": 2,
      "split": "val",
      "ES95": {
        "mean": 180.0432891845703,
        "std": 0.0
      },
      "Mean": {
        "mean": 3.748659133911133,
        "std": 0.0
      },
      "SharpeRisk": {
        "mean": 0.1333976536989212,
        "std": 0.0
      },
      "Turnover": {
        "mean": 10.181733131408691,
        "std": 0.0
      }
    }
  },
  "IG": {
    "ES95": {
      "mean": 77.3884048461914,
      "std": 0.0
    },
    "Mean": {
      "mean": 9.537736415863037,
      "std": 0.0
    },
    "SharpeRisk": {
      "mean": 0.33498600125312805,
      "std": 0.0
    },
    "Turnover": {
      "mean": 0.4522714614868164,
      "std": 0.0
    }
  },
  "WG": {
    "ES95": {
      "mean": 117.41670227050781,
      "std": 0.0
    },
    "Mean": {
      "mean": 10.245341777801514,
      "std": 0.0
    },
    "SharpeRisk": {
      "mean": 0.3189503848552704,
      "std": 0.0
    },
    "Turnover": {
      "mean": -1.225907325744629,
      "std": 0.0
    }
  },
  "MSI": {
    "value": {
      "mean": null,
      "std": null
    },
    "S_phi": {
      "mean": null,
      "std": null
    },
    "S_r": {
      "mean": null,
      "std": null
    }
  }
}